<?xml version="1.0" encoding="UTF-8"?>
<T3locallangExt>
  <data type="array">
    <languageKey index="de" type="array">
      <label index="CType_formlabel">Typ</label>
      <label index="CType.I.0">Überschrift</label>
      <label index="CType.I.1">Text</label>
      <label index="CType.I.2">Text und Bilder</label>
      <label index="CType.I.3">Bilder</label>
      <label index="CType.I.4">Aufzählung</label>
      <label index="CType.I.5">Tabelle</label>
      <label index="CType.I.6">Dateilinks</label>
      <label index="CType.I.7">Multimedia</label>
      <label index="CType.I.8">Formular</label>
      <label index="CType.I.9">Suchen</label>
      <label index="CType.I.10">Anmeldung</label>
      <label index="CType.I.11">Textfeld</label>
      <label index="CType.I.12">Menü/Sitemap</label>
      <label index="CType.I.13">Datensatz einfügen</label>
      <label index="CType.I.14">Plug-In einfügen</label>
      <label index="CType.I.15">Skript</label>
      <label index="CType.I.16">Trenner</label>
      <label index="CType.I.17">HTML</label>
      <label index="CType.I.18">Medien</label>
      <label index="CType.div.standard">Standard</label>
      <label index="CType.div.lists">Listen</label>
      <label index="CType.div.forms">Formulare</label>
      <label index="CType.div.special">Spezial</label>
      <label index="layout.I.1">Layout 1</label>
      <label index="layout.I.2">Layout 2</label>
      <label index="layout.I.3">Layout 3</label>
      <label index="colPos">Spalten:</label>
      <label index="colPos_formlabel">Spalte</label>
      <label index="colPos.I.0">Links</label>
      <label index="colPos.I.2">Rechts</label>
      <label index="colPos.I.3">Rand</label>
      <label index="date">Datum</label>
      <label index="date_formlabel">Datum</label>
      <label index="header">Überschrift:</label>
      <label index="header_formlabel">Überschrift</label>
      <label index="header.ALT.shortcut_formlabel">Name (in der Webseite nicht sichtbar)</label>
      <label index="header.ALT.script_formlabel">Name (in der Webseite nicht sichtbar)</label>
      <label index="header.ALT.div_formlabel">Name (in der Webseite nicht sichtbar)</label>
      <label index="header.ALT.html_formlabel">Name (in der Webseite nicht sichtbar)</label>
      <label index="header_position">Ausrichtung:</label>
      <label index="header_position_formlabel">Ausrichtung</label>
      <label index="header_position.I.1">Mitte</label>
      <label index="header_position.I.2">Rechts</label>
      <label index="header_position.I.3">Links</label>
      <label index="header_link">Link:</label>
      <label index="header_link_formlabel">Link</label>
      <label index="header_layout_formlabel">Typ</label>
      <label index="header_layout.I.1">Layout 1</label>
      <label index="header_layout.I.2">Layout 2</label>
      <label index="header_layout.I.3">Layout 3</label>
      <label index="header_layout.I.4">Layout 4</label>
      <label index="header_layout.I.5">Layout 5</label>
      <label index="header_layout.I.6">Verborgen</label>
      <label index="text_align">Ausrichtung:</label>
      <label index="text_align_formlabel">Textausrichtung</label>
      <label index="text_align.I.1">Mitte</label>
      <label index="text_align.I.2">Rechts</label>
      <label index="text_align.I.3">Links</label>
      <label index="text_face">Schrift:</label>
      <label index="text_face_formlabel">Schriftart</label>
      <label index="text_size">Größe:</label>
      <label index="text_size_formlabel">Schriftgröße</label>
      <label index="text_size.I.1">1: Klein</label>
      <label index="text_size.I.2">2: Mittel</label>
      <label index="text_size.I.3">3: Groß</label>
      <label index="text_size.I.4">4: Überschrift 1</label>
      <label index="text_size.I.5">5: Überschrift 2</label>
      <label index="text_size.I.6">Standard +1</label>
      <label index="text_size.I.7">Standard -1</label>
      <label index="text_color">Farbe:</label>
      <label index="text_color_formlabel">Textfarbe</label>
      <label index="text_color.I.1">Farbe 1</label>
      <label index="text_color.I.2">Farbe 2</label>
      <label index="text_color.I.3">Keine</label>
      <label index="text_color.I.5">Schwarz</label>
      <label index="text_color.I.6">Weiß</label>
      <label index="text_color.I.7">Dunkelgrau</label>
      <label index="text_color.I.8">Grau</label>
      <label index="text_color.I.9">Silber</label>
      <label index="text_color.I.10">Rot</label>
      <label index="text_color.I.11">Marineblau</label>
      <label index="text_color.I.12">Gelb</label>
      <label index="text_color.I.13">Grün</label>
      <label index="text_color.I.14">Olivgrün</label>
      <label index="text_color.I.15">Rotbraun</label>
      <label index="text_properties">Attribute:</label>
      <label index="text_properties_formlabel">Textdekoration</label>
      <label index="text_properties.I.0">Fett</label>
      <label index="text_properties.I.1">Kursiv</label>
      <label index="text_properties.I.2">Unterstrichen</label>
      <label index="text_properties.I.3">Großbuchstaben</label>
      <label index="bodytext.W.RTE">Rich-Text-Eingabe im Vollbild</label>
      <label index="bodytext.W.table">Tabellenassistent</label>
      <label index="bodytext.W.forms">Formularassistent</label>
      <label index="imagewidth">Breite (Pixel):</label>
      <label index="imagewidth_formlabel">Breite (Pixel)</label>
      <label index="imageheight">Höhe (Pixel):</label>
      <label index="imageheight_formlabel">Höhe (Pixel)</label>
      <label index="imageorient">Position:</label>
      <label index="imageorient_formlabel">Position und Ausrichtung</label>
      <label index="imageorient.I.0">Oben mittig</label>
      <label index="imageorient.I.1">Oben rechts</label>
      <label index="imageorient.I.2">Oben links</label>
      <label index="imageorient.I.3">Unten mittig</label>
      <label index="imageorient.I.4">Unten rechts</label>
      <label index="imageorient.I.5">Unten links</label>
      <label index="imageorient.I.6">Im Text rechts</label>
      <label index="imageorient.I.7">Im Text links</label>
      <label index="imageorient.I.8">__Kein Umbruch:__</label>
      <label index="imageorient.I.9">Neben dem Text rechts</label>
      <label index="imageorient.I.10">Neben dem Text links</label>
      <label index="imageborder">Rahmen:</label>
      <label index="imageborder_formlabel">Rahmen</label>
      <label index="image_noRows">Keine Reihen:</label>
      <label index="image_noRows_formlabel">Horizontale Reihen</label>
      <label index="image_noRows.I.0">Deaktivieren</label>
      <label index="image_noRows_formlabel">Horizontale Reihen</label>
      <label index="image_link">Link:</label>
      <label index="image_link_formlabel">Links (einer pro Zeile, ein Link pro Bild)</label>
      <label index="image_zoom">Klick-Vergrößern:</label>
      <label index="image_zoom_formlabel">Bei Klick vergrößern</label>
      <label index="image_effects">Effekte:</label>
      <label index="image_effects_formlabel">Effekte</label>
      <label index="image_effects.I.0">keiner</label>
      <label index="image_effects.I.1">Drehen 90 mit Uhr</label>
      <label index="image_effects.I.2">Drehen 90 gegen Uhr</label>
      <label index="image_effects.I.3">Drehen 180</label>
      <label index="image_effects.I.4">Graustufen</label>
      <label index="image_effects.I.5">Schärfen</label>
      <label index="image_effects.I.6">Normalisieren</label>
      <label index="image_effects.I.7">Kontrast</label>
      <label index="image_effects.I.8">Heller</label>
      <label index="image_effects.I.9">Dunkler</label>
      <label index="image_frames">Rahmen:</label>
      <label index="image_frames_formlabel">Grafische Rahmen</label>
      <label index="image_frames.I.0">(kein)</label>
      <label index="image_frames.I.1">Rahmen 1</label>
      <label index="image_frames.I.2">Rahmen 2</label>
      <label index="image_frames.I.3">Rahmen 3</label>
      <label index="image_frames.I.4">Rahmen 4</label>
      <label index="image_frames.I.5">Rahmen 5</label>
      <label index="image_frames.I.6">Rahmen 6</label>
      <label index="image_frames.I.7">Rahmen 7</label>
      <label index="image_frames.I.8">Rahmen 8</label>
      <label index="image_compression">Bildqualität/-bearbeitung</label>
      <label index="image_compression_formlabel">Qualität und Typ</label>
      <label index="image_compression.I.1">Keine (ignoriert alle anderen Optionen)</label>
      <label index="image_compression.I.15">JPG/sehr hoch</label>
      <label index="image_compression.I.16">JPG/hoch</label>
      <label index="image_compression.I.17">JPG/mittel</label>
      <label index="image_compression.I.18">JPG/niedrig</label>
      <label index="image_compression.I.19">JPG/sehr niedrig</label>
      <label index="imagecols">Spalten:</label>
      <label index="imagecols_formlabel">Anzahl an Spalten</label>
      <label index="imagecaption_position">Ausrichtung:</label>
      <label index="imagecaption_position_formlabel">Ausrichtung der Beschriftung</label>
      <label index="imagecaption_position.I.1">Mitte</label>
      <label index="imagecaption_position.I.2">Rechts</label>
      <label index="imagecaption_position.I.3">Links</label>
      <label index="image_altText">Alternativer Text:</label>
      <label index="altText_formlabel">Alternative Texte (einer pro Zeile)</label>
      <label index="image_titleText">Titeltext:</label>
      <label index="titleText_formlabel">Titel (einer pro Zeile)</label>
      <label index="image_longdescURL">Langbeschreibung URL:</label>
      <label index="longdescURL_formlabel">Langbeschreibung URLs (eine pro Zeile)</label>
      <label index="cols">Tabellenspalten</label>
      <label index="cols.I.0">Auto</label>
      <label index="recursive.I.0">0 Ebenen (nur die ausgewählte Seite)</label>
      <label index="recursive.I.1">1 Ebene</label>
      <label index="recursive.I.2">2 Ebenen</label>
      <label index="recursive.I.3">3 Ebenen</label>
      <label index="recursive.I.4">4 Ebenen</label>
      <label index="recursive.I.5">Unendlich</label>
      <label index="menu_type">Menütyp</label>
      <label index="menu_type_formlabel">Menütyp</label>
      <label index="menu_type.I.0">Menü ausgewählter Seiten</label>
      <label index="menu_type.I.1">Menü der Unterseiten der ausgewählten Seiten</label>
      <label index="menu_type.I.2">Menü der Unterseiten der ausgewählten Seiten inklusive Inhaltsangabe</label>
      <label index="menu_type.I.3">Menü der Unterseiten der ausgewählten Seiten inklusive Seiteninhalt</label>
      <label index="menu_type.I.4">Sitemap</label>
      <label index="menu_type.I.5">Abschnittsübersicht (mit Seiteninhalt)</label>
      <label index="menu_type.I.6">Kürzlich aktualisierte Seiten</label>
      <label index="menu_type.I.7">Verwandte Seiten (nach Stichworten)</label>
      <label index="list_type">Plug-In:</label>
      <label index="list_type_formlabel">Ausgewähltes Plug-In</label>
      <label index="table_bgColor">Hintergrundfarbe:</label>
      <label index="table_bgColor_formlabel">Hintergrundfarbe</label>
      <label index="table_bgColor.I.1">Farbe 1</label>
      <label index="table_bgColor.I.2">Farbe 2</label>
      <label index="table_bgColor.I.3">Keine</label>
      <label index="table_bgColor.I.5">Schwarz</label>
      <label index="table_bgColor.I.6">Weiß</label>
      <label index="table_bgColor.I.7">Dunkelgrau</label>
      <label index="table_bgColor.I.8">Grau</label>
      <label index="table_bgColor.I.9">Silber</label>
      <label index="table_border">Rahmen:</label>
      <label index="table_border_formlabel">Rahmendicke (Pixel)</label>
      <label index="table_cellspacing">Zellenabstand:</label>
      <label index="table_cellspacing_formlabel">Zellenabstand (Pixel)</label>
      <label index="table_cellpadding">Zellenfüllung:</label>
      <label index="table_cellpadding_formlabel">Zellenfüllung (Pixel)</label>
      <label index="media">Dateien</label>
      <label index="media.ALT.uploads_formlabel">Dateien auswählen</label>
      <label index="multimedia">Datei:</label>
      <label index="multimedia_formlabel">Ausgewählte Mediendateien</label>
      <label index="filelink_size">Zeige Dateigröße:</label>
      <label index="filelink_size_formlabel">Informationen zur Dateigröße anzeigen</label>
      <label index="records">Objekte:</label>
      <label index="records_formlabel">Datensätze</label>
      <label index="spaceBefore">Abstand davor:</label>
      <label index="spaceBefore_formlabel">Oberer Abstand</label>
      <label index="spaceAfter">Abstand danach:</label>
      <label index="spaceAfter_formlabel">Unterer Abstand</label>
      <label index="section_frame">Rahmen:</label>
      <label index="section_frame_formlabel">Einrückung und Rahmen</label>
      <label index="section_frame.I.1">Unsichtbar</label>
      <label index="section_frame.I.2">Linie davor</label>
      <label index="section_frame.I.3">Linie danach</label>
      <label index="section_frame.I.4">Einrücken</label>
      <label index="section_frame.I.5">Einrücken, 33/66%</label>
      <label index="section_frame.I.6">Einrücken, 66/33%</label>
      <label index="section_frame.I.7">Rahmen 1</label>
      <label index="section_frame.I.8">Rahmen 2</label>
      <label index="splash_layout">Textfeldtyp:</label>
      <label index="splash_layout_formlabel">Typ</label>
      <label index="splash_layout.I.1">Schatten</label>
      <label index="splash_layout.I.2">Bildrahmen 1</label>
      <label index="splash_layout.I.3">Bildrahmen 2</label>
      <label index="splash_layout.I.4">__Grafisch:__</label>
      <label index="splash_layout.I.5">Merkzettel 1</label>
      <label index="sectionIndex">Index:</label>
      <label index="sectionIndex_formlabel">In Menüs zeigen</label>
      <label index="linkToTop">Link zum Seitenanfang einfügen:</label>
      <label index="linkToTop_formlabel">Link zum Seitenanfang anfügen</label>
      <label index="rte_enabled">Rich-Text-Editor abschalten:</label>
      <label index="rte_enabled_formlabel">Rich-Text-Editor</label>
      <label index="rte_enabled.I.0">Deaktivieren</label>
      <label index="pi_flexform">Erweiterungsoptionen</label>
      <label index="ALT.imgOptions">Bildoptionen</label>
      <label index="ALT.imgLinks">Bild-Links</label>
      <label index="ALT.imgDimensions">Bildmaße</label>
      <label index="select_key_formlabel">Plug-In-Modus</label>
      <label index="select_key.ALT.uploads">Dateipfad:</label>
      <label index="select_key.ALT.uploads_formlabel">Pfad</label>
      <label index="select_key.ALT.script_formlabel">PHP-Code</label>
      <label index="imagecaption.ALT.uploads">Beschreibungen:</label>
      <label index="imagecaption.ALT.uploads_formlabel">Dateibeschreibungen (eine pro Zeile)</label>
      <label index="imagecaption.ALT.script">Kommentar:</label>
      <label index="bodytext.ALT.mailform">Konfiguration:</label>
      <label index="bodytext.ALT.mailform_formlabel">Formularstruktur</label>
      <label index="pages.ALT.mailform">Zielseite</label>
      <label index="pages.ALT.searchform">Zielseite</label>
      <label index="pages.ALT.loginform">Ausgewählte Seiten: Ziel (1.), Frontend-Benutzer-Container (2.)</label>
      <label index="pages.ALT.search">Zielseite:</label>
      <label index="pages.ALT.login">Zielseite:</label>
      <label index="pages.ALT.menu_formlabel">Ausgewählte Seiten</label>
      <label index="pages.ALT.list_formlabel">Datensatzsammlung</label>
      <label index="pages.ALT.script_formlabel">Startpunkt für Skript</label>
      <label index="subheader.ALT.mailform">E-Mail-Adresse des Empfängers:</label>
      <label index="subheader.ALT.mailform_formlabel">E-Mail-Adresse des Empfängers</label>
      <label index="bodytext.ALT.html">HTML:</label>
      <label index="tabs.text">Text</label>
      <label index="tabs.media">Medien</label>
      <label index="tabs.plugin">Plug-In</label>
      <label index="media.options">Medienoptionen</label>
      <label index="media.url">Relativer Pfad oder URL</label>
      <label index="media.browseUrlTitle">Datei oder URL auswählen</label>
      <label index="media.width">Breite Medium</label>
      <label index="media.height">Höhe Medium</label>
      <label index="media.forcePlayer">Spieler benutzen (nur für Shockwave Flash)</label>
      <label index="media.type">Medientyp</label>
      <label index="media.type.video">Video</label>
      <label index="media.type.audio">Audio</label>
      <label index="media.renderType">Darstellungstyp</label>
      <label index="media.renderType.auto">Auto</label>
      <label index="media.renderType.swf">Browser-Plug-In für Shockwave Flash</label>
      <label index="media.renderType.qt">Browser-Plug-In für QuickTime</label>
      <label index="media.renderType.embed">HTML-Embed-Element</label>
      <label index="media.additionalOptions">Zusätzliche Parameter</label>
      <label index="media.params">Mediumparameter</label>
      <label index="media.params.option">Option</label>
      <label index="media.params.setTo">Festlegen auf</label>
      <label index="media.params.on">An</label>
      <label index="media.params.off">Aus</label>
      <label index="media.params.valueEntry">Werteingabe</label>
      <label index="media.params.value">Wert</label>
      <label index="media.params.autoPlay">AutoPlay</label>
      <label index="media.params.loop">Wiederholen</label>
      <label index="media.params.quality">Qualität</label>
      <label index="media.params.preview">Videovorschau</label>
      <label index="media.params.bgColor">Hintergrundfarbe</label>
      <label index="media.params.allowScriptAccess">ScriptAccess erlauben</label>
      <label index="media.params.allowFullScreen">Vollbildschirm erlauben</label>
      <label index="media.alternativeContent">Alternativer Inhalt</label>
      <label index="media.params.customEntry">Benutzerdefinierte Parameter</label>
      <label index="media.params.customEntryLabel">Flashvariablen, -parameter oder -attribute eingeben</label>
      <label index="media.noFile">FEHLER: URL oder Datei fehlt!</label>
      <label index="sys_language_uid_formlabel">Sprache</label>
      <label index="subheader_formlabel">Unterüberschrift</label>
      <label index="hidden_formlabel">Inhaltselement</label>
      <label index="hidden.I.0">Deaktivieren</label>
      <label index="starttime_formlabel">Veröffentlichungsdatum</label>
      <label index="endtime_formlabel">Ablaufdatum</label>
      <label index="fe_group_formlabel">Zugriffsrechte für Benutzergruppen</label>
      <label index="layout_formlabel">Layout</label>
      <label index="bodytext_formlabel">Text</label>
      <label index="bodytext.ALT.bulletlist_formlabel">Aufzählung</label>
      <label index="bodytext.ALT.table_formlabel">Tabellenstruktur</label>
      <label index="bodytext.ALT.media_formlabel">Alternativer Inhalt</label>
      <label index="bodytext.ALT.multimedia_formlabel">Parameter</label>
      <label index="bodytext.ALT.textbox_formlabel">Text</label>
      <label index="bodytext.ALT.script_formlabel">Parameter zur Weitergabe an das Skript</label>
      <label index="bodytext.ALT.html_formlabel">HTML-Code</label>
      <label index="image_formlabel">Bilder</label>
      <label index="image.ALT.textbox_formlabel">Bilddateien</label>
      <label index="imagecaption_formlabel">Beschriftungen (eine pro Zeile)</label>
      <label index="imagecaption.ALT.script_formlabel">Kommentar</label>
      <label index="palette.general">Inhaltselement</label>
      <label index="palette.headers">Überschriften</label>
      <label index="palette.header">Überschrift</label>
      <label index="palette.visibility">Sichtbarkeit</label>
      <label index="palette.access">Veröffentlichungsdaten und Zugriffsrechte</label>
      <label index="palette.frames">Layout des Inhaltselements</label>
      <label index="palette.textlayout">Textlayout</label>
      <label index="palette.imagefiles">Bilder und Beschriftungen</label>
      <label index="palette.imagelinks">Verhalten</label>
      <label index="palette.image_accessibility">Barrierefreiheit</label>
      <label index="palette.image_settings">Bildeinstellungen</label>
      <label index="palette.imageblock">Bildausrichtung</label>
      <label index="palette.mailform">Ziel und Empfänger</label>
      <label index="palette.searchform">Suchergebnisse</label>
      <label index="palette.loginform">Weiterleitungsziel und Frontend-Benutzer-Container</label>
      <label index="palette.multimediafiles">Mediendateien und Parameter</label>
      <label index="palette.textbox">Text in Bildern darstellen</label>
      <label index="palette.menu">Menü und Sitemap</label>
      <label index="palette.uploads_layout">Dateilinklayout</label>
      <label index="palette.table_layout">Tabellenlayout</label>
      <label index="tabs.access">Zugriff</label>
      <label index="tabs.appearance">Erscheinungsbild</label>
      <label index="tabs.behaviour">Verhalten</label>
      <label index="tabs.script">Skript</label>
      <label index="tabs.media">Medien</label>
      <label index="tabs.images">Bilder</label>
      <label index="tabs.extended">Erweitert</label>
    </languageKey>
  </data>
</T3locallangExt>
