<?xml version="1.0" encoding="UTF-8"?>
<T3locallangExt>
  <data type="array">
    <languageKey index="de" type="array">
      <label index="layout.description">Wählen Sie ein Layout für diese Seite aus. Die Auswirkung hängt von der Vorlage des Web-Auftritts ab.</label>
      <label index="layout.details">Diese Option hat eventuell keine Auswirkungen auf die Darstellung, denn dies ist abhängig davon, ob und wie die Frontend-Vorlage Gebrauch von der Auswahl macht. Von den meisten Vorlagen wird sie nicht genutzt.</label>
      <label index="doktype.description">Wählen Sie den Seitentyp aus. Dies hat Einfluss darauf, ob die Seite als normale Web-Seite dargestellt oder für andere Zwecke genutzt wird.</label>
      <label index="doktype.details">"Standard" und "Erweitert" sind normale Web-Seiten, die sich nur in der Anzahl der Optionen unterscheiden. "Externe URL" und "Verweis" ermöglichen einen Verweis auf eine externe Seite oder eine Seite innerhalb des eigenen Seitenbaums. "Nicht im Menü" ist ebenfalls eine normale Seite, die aber nicht in erzeugten Menü angezeigt wird. &lt;em&gt;Dieser Typ sollte nicht mehr verwendet werden! Bitte stattdessen die Option "Nicht im Menü" verwenden!&lt;/em&gt; "Backend-Benutzerbereich". Solche Seiten werden nur angemeldeten Backend-Benutzern (Redakteuren bzw. Administratoren) angezeigt. Sie entsprechen ansonsten den Seiten vom Typ "Erweitert". &lt;b&gt;Spezielle Typen:&lt;/b&gt; "Abstand" hat nur eine Bedeutung, wenn ihr System dafür eingerichtet ist. In diesem Falle erzeugt eine soche "Seite" einzig ein Trennzeichen im erzeugten Menü, das nicht anklickbar ist. "SysOrdner" ist eine Seite, die niemals als Web-Seite angezeigt wird, sondern als Behälter ("Container") für beliebige Daten dient. "Papierkorb". Seiten und Datensätze im Papierkorb werden auf den Web-Seiten nicht angezeigt. Sie sind jedoch noch nicht endgültig gelöscht, sondern können zurück an eine geeignete Stelle verschoben werden. &lt;b&gt;Hinweis:&lt;/b&gt; Jedem Typ ist ein spezielles Symbol zugewiesen. Manche Typen stehen einem Anwender möglicherweise auch nicht zur Verfügung (Sie werden daher eventuell feststellen, dass einige Optionen nicht zur Auswahl stehen!). Beachten Sie außerdem, dass jeder Seitentyp nur bestimmte Inhalte/Datensätze erlaubt. (Im Zweifel erlaubt "SysOrdner" beliebige Daten.)</label>
      <label index="_doktype.seeAlso">pages:shortcut, pages:url</label>
      <label index="hidden.description">Ist diese Option aktiviert, wird die Seite nicht angezeigt.</label>
      <label index="hidden.details">Die Optionen "verbergen", "Start", "Stopp" und "Zugriff" dienen der Zugriffsbeschränkung auf die Seite und sind daher verwandt. Ist die Seite auf Grund einer dieser Optionen nicht sichtbar, so wird sie im erzeugten Menü nicht angezeigt. Beachten Sie, dass die Optionen &lt;em&gt;nur&lt;/em&gt; jene Seiten betreffen, auf denen sie gesetzt sind. Wenn Sie Unterseiten ebenfalls beeinflussen wollen, müssen Sie die Option "Inklusive Unterseiten" auswählen. Wenn Sie als Backend-Benutzer angemeldet sind, können Sie versteckte Seiten betrachten, falls Sie Lesezugriff darauf haben.</label>
      <label index="_hidden.seeAlso">pages:starttime,pages:endtime,pages:fe_group,pages:extendToSubpages</label>
      <label index="_hidden.image">EXT:context_help/cshimages/hidden_page.gif, EXT:context_help/cshimages/pages_1.png</label>
      <label index="hidden.image_descr">Das Symbol einer versteckten Seite ist grau und mit einem roten X versehen. Sind Sie im Backend angemeldet, können Sie eine versteckte Seite trotzdem ansehen. Der rote "Preview"-Kasten weist auf den Umstand der Vorschau hin. Ansonsten wird die Seite aber so dargestellt, wie sie es auch im Frontend würde.</label>
      <label index="starttime.description">Die "Start"-Zeit legt den Zeitpunkt fest, ab dem die Seite online sichtbar wird. Benutzen Sie diese Einstellung, um die Seite zu einem bestimmten Zeitpunkt zu "veröffentlichen". Falls "Start" nicht gesetzt ist, wird die Seite sofort angezeigt (solange die Seite nicht anderweitig verborgen ist).</label>
      <label index="starttime.syntax">Das Format ist: TT-MM-JJJJ. Sie können den Wert auch auf andere Weise eingeben - es wird umgehend ausgewertet. Geben Sie z.B. "d" ein, so wird das aktuelle Datum eingefügt. Sie können auch jedem Wert z.B. "+10" anhängen, wodurch 10 Tage zum aktuellen Wert addiert werden. So würden Sie mit der Eingabe von "d+10" ein Datum eingeben, das 10 Tage in der Zukunft liegt. Selbstverständlich wird eine korrekete Datumsberechnung vorgenommen, so erzeugt etwa die Eingabe von "03-10-2004-3" (3. Oktober 2004 minus 3 Tagen) das Datum "30-09-2004" (30. September 2004).</label>
      <label index="_starttime.seeAlso">pages:endtime,pages:hidden</label>
      <label index="_.seeAlso">tt_content</label>
      <label index="endtime.description">Die "Stopp"-Zeit ist das Datum, von dem an die Seite nicht mehr online angezeigt wird.</label>
      <label index="endtime.syntax">Siehe Seite / Start (unten anklicken)</label>
      <label index="_endtime.seeAlso">pages:starttime</label>
      <label index="fe_group.description">Wenn "Zugriff" mit dem Namen einer Benutzergruppe belegt ist, sind nur Benutzer, die zu dieser Gruppe gehören, in der Lage, die Seite zu betrachten, sofern sie angemeldet sind. Die spezielle Option "Nach Anmeldung verbergen" bedeutet, dass die Seite angemeldeten Benutzern &lt;em&gt;nicht&lt;/em&gt; gezeigt wird. Im Gegensatz werden mit "Anzeigen, wenn angemeldet" markierte Seiten allen angemeldeten Benutzern gezeigt.</label>
      <label index="_fe_group.seeAlso">fe_groups</label>
      <label index="_fe_group.image">EXT:context_help/cshimages/fegroups_4.png</label>
      <label index="extendToSubpages.description">Standardmäßig betreffen die Optionen "Start", "Stopp", "Zugriff" und "Verbergen" &lt;em&gt;nur&lt;/em&gt; diejenigen Seiten, auf denen sie eingestellt sind. Falls die Option "Inklusive Unterseiten" für die Seite ausgewählt ist, wird der Effekt an die Unterseiten vererbt.</label>
      <label index="extendToSubpages.details">Denken Sie an ein Szenario, bei dem ein ganzer Bereich Ihrer Internetpräsenz nur für angemeldete Benutzer zur Verfügung stehen soll. Wenn Sie die Option "Zugriff" für die oberste Seite setzen, so gilt diese Einstellung nur für diese eine Seite. Die Seite würde also nicht in der Navigation erscheinen, solange Sie nicht angemeldet sind. Trotzdem wären die Unterseiten sichtbar, falls jemand die Seitennummer errät und die URL von Hand eingibt (oder die URL etwa als "Favorit" im Browser gespeichert hatte). Durch Markieren der Option "Inklusive Unterseiten" wird die Zugriffsbeschränkung auf alle Unterseiten ausgedehnt.</label>
      <label index="_extendToSubpages.seeAlso">pages:hidden, pages:starttime, pages:endtime, pages:fe_group</label>
      <label index="_extendToSubpages.image">EXT:context_help/cshimages/pages_2.png</label>
      <label index="extendToSubpages.image_descr">Das Symbol der Seite zeigt, dass die Seite einer Benutzerbeschränkung unterliegt und dass "Inklusive Unterseiten" ebenfalls wirksam ist. Die zwei blauen Pfeile deuten dies an.</label>
      <label index="alias.description">Ein "Alias" ist ein eindeutiger Name für eine Seite. Sie können den Aliastext anstelle einer numerischen ID verwenden, um auf die Seite zu verweisen.</label>
      <label index="alias.details">Letztendlich wird eine Seite durch ihre ID eindeutig identifiziert. Sie können auf eine Seite bei TYPO3 z.B. mit ".../?id=123" verweisen. Falls die Seite mit der ID "123" den Alias "wichtige_seite" hat, dann zeigt die URL ".../?id=wichtige_seite" exakt die selbe Seite an, da "wichtige_seite" ein Alias für die ID "123" ist. Normalerweise sollten Sie nur einer kleinen Anzahl von Seiten einen Alias zuweisen, vorzugsweise solchen, auf die Sie oft verweisen. In den meisten TYPO3-Konfigurationen können Sie die Syntax '.. &amp;lt;link&amp;nbsp;wichtige_seite&amp;gt;zur&amp;nbsp;wichtigen&amp;nbsp;Seite&amp;lt;/link&amp;gt; ..\' verwenden, um einen Verweis auf die Seite einzufügen. Dies ist einfacher zu merken als deren ID. Eine weitere Verwendung wäre, wenn Sie die Seite, auf die verwiesen wird, austauschen möchten. In diesem Fall löschen Sie den Alias einer Seite und geben ihn auf einer anderen Seite ein und alle Verweise auf den Alias zeigen nun automatisch auf die neue ID.</label>
      <label index="alias.syntax">Ein Alias darf nur nur kleine alphanumerische Zeichen und den Unterstrich enthalten und muss eindeutig sein. Bitte beachten Sie: Falls der eingegebene Alias nicht eindeutig ist, so wird automatisch eine eindeutige Zahl vorangestellt.</label>
      <label index="target.description">Das HTML-Ziel von Menüeinträgen, die auf diese Seite verweisen. Kann auch zum Öffnen einer Seite als Pop-Up verwendet werden.</label>
      <label index="target.details">Verwenden Sie diesen Wert nur zum Übersteuern des Standard-Links, der für die meisten Seiten über das TypoScript-Template konfiguriert sein sollte. Über das Feld "Ziel" gibt es weitere Optionen. Durch Setzen eines ganzzahligen Wertes am Anfang des Feldes wird dieser als Standardtyp für die Seite verwendet. Wenn beispielsweise über TypoScript ein RSS-Feed als typeNum=100 konfiguriert wurde, kann durch Setzen des Ziels auf 100 ein RSS-Link in das Menü eingebaut werden. Zum Öffnen in einem Pop-Up-Fenster verwenden Sie folgende Syntax: 400x200 - öffnet die Seite in einem Pop-Up-Fenster der Größe 400x200 230x450:resizable=0,location=1 - öffnet die Seite in einem Pop-Up-Fenster mit den entsprechenden Parametern Kombiniert: 100 600x350 - öffnet die Seite vom Typ 100 in einem Pop-Up-Fenster 2 _blank - öffnet die Seite mit Ziel "_blank" und Typ 2</label>
      <label index="no_cache.description">Deaktiviert das serverseitige Vorhalten (Cachen) der fertigen Seite.</label>
      <label index="no_cache.details">Normalerweise werden Seiten bei TYPO3 in ihrer fertigen Form gespeichert und so vorgehalten, sobald sie zum ersten Mal erzeugt wurden. Dies bedeutet, dass die Seite bei den folgenden Anfragen wesentlich schneller angezeigt wird. Für die meisten Seiten stellt dies kein Problem dar - im Gegenteil: es steigert die Geschwindigkeit des Web-Auftritts erheblich. Selbstverständlich wird die vorgehaltene fertige Kopie automatisch sofort verworfen, wenn die Seite oder deren Inhalt verändert wird. Trotzdem mag es notwendig sein, das Vorhalten für Seiten zu deaktivieren, die ständig ändernde, dynamische Inhalte beinhalten. Normalerweise wird das Vorhalten für solche Seiten automatisch deaktiviert. Für alle Fälle können Sie mit dieser Option das Vorhalten zuverlässig unterbinden.</label>
      <label index="_no_cache.seeAlso">pages:cache_timeout</label>
      <label index="cache_timeout.description">Setzt die Verfallszeit des Vorhaltens (Caches).</label>
      <label index="cache_timeout.details">Standardmäßig werden alle Seiten 24 Stunden lang im Cache vorgehalten. Nach dieser Zeitspanne wird die Seite, bei Bedarf, erneut aufgebaut und die vorgehaltene Kopie aktualisiert. Abhängig von Ihrer Konfiguration kann der Cache auch zu einer bestimmten Uhrzeit (etwa Mitternacht) gelöscht werden. Sie können hier eine andere Verfallszeit angeben, falls Sie dies benötigen. Diese Option wird sehr selten genutzt.</label>
      <label index="_cache_timeout.seeAlso">pages:no_cache</label>
      <label index="no_search.description">Falls aktiviert, verhindert diese Option, dass diese Seite in eine Suche einbezogen wird.</label>
      <label index="author.description">Geben Sie den Namen des Seitenautors ein.</label>
      <label index="author.details">Ob der Name des Autor genutzt wird, hängt von der Vorlage des Web-Auftritts ab. - Sie können es in einem Meta-Tag verwenden. - Wenn Sie TYPO3-Seiten als Artikel benutzen, dann können Sie dieses Feld benutzen, um den Namen des Autors des Artikels anzuzeigen.</label>
      <label index="_author.seeAlso">pages:author_email</label>
      <label index="author_email.description">Geben Sie die E-Mail-Adresse des Autors ein.</label>
      <label index="_author_email.seeAlso">pages:author</label>
      <label index="module.description">Definiert die Seite als Frontend-"Modul".</label>
      <label index="module.details">Im Backend gibt es ein Modul "Web &gt; Erweiterungen", sowie einen Punkt "Erweiterungen" unter "Benutzer &gt; Aufgaben". Beide Funktionen zeigen eine Liste von "Erweiterungen" an, auf die der Anwender Zugriff hat. Grundsätzlich markiert diese Option die Seite nur z.B. als Forum oder Einkaufsbereich Ihres Web-Auftritts. Basierend auf dieser Information ist das Backend in der Lage, eine Liste der Erweiterungen anzuzeigen, sowie relevante Funktionalität im Modul "Web &gt; Erweiterungen". Die Darstellung der Seite wird davon nicht beeinflusst. Effektiv bedeutet die "Markierung" der Seite als "Shop"-Erweiterung einfach, dass sie in der Liste der Erweiterungen im Backend erscheint. Weitere Informationen darüber finden Sie in der Dokumentation für Administratoren. Es wird empfohlen, dass nur Administratoren Zugriff auf dieses Feld erhalten!</label>
      <label index="media.description">Hängen Sie Mediendateien an, die zu der Seite gehören.</label>
      <label index="media.details">Dieses Feld ermöglicht es Ihnen, der Seite verschiedene Dateien anzuhängen. Ob und wie diese Dateien verwendet werden, hängt von der Vorlage ab. Welche Dateien Sie anhängen und in welcher Reihenfolge dies geschehen muss, ist also grundsätzlich von der speziellen Vorlage Ihres Web-Auftritts abhängig. Schauen Sie in die Dokumentation Ihres Web-Auftritts. Beispielsweise könnte dieses Feld dazu benutzt werden, in Seitenlogo anzuhängen. Oder die Vorlage könnte so programmiert sein, dass die erste Datei ein Symbol ist, das im Menü angezeigt wird. Aber bitte denken Sie daran, dass dies völlig von der Programmierung der Vorlage abhängt.</label>
      <label index="subtitle.description">Geben Sie einen Untertitel ein, falls benötigt.</label>
      <label index="subtitle.details">Ob das Feld genutzt wird oder nicht hängt von der Vorlage ab. In den meisten Fällen wird es nicht genutzt. Sie können dieses Feld nach Bedarf in eigenen Vorlagen verwenden.</label>
      <label index="url.description">Geben Sie die URL ein, auf die diese Seite verweisen soll.</label>
      <label index="url.details">Beispiel: "http://www.typo3.com" oder einfach "www.typo3.com", vorausgesetzt als "Typ" ist "http://" ausgewählt. Benutzen Sie die Auswahlbox "Typ" um ein Präfix für die URL auszuwählen. Diese Option wird nur dann genutzt, wenn der "Seitentyp" auf "Externe URL" gesetzt ist.</label>
      <label index="_url.seeAlso">pages:urltype</label>
      <label index="shortcut.description">Geben Sie die Seitenreferenz an, auf die diese Seite verweisen soll. Wird diese Seite im Frontend aufgerufen, dann wird stattdessen die referenzierte Seite gezeigt.</label>
      <label index="shortcut.details">Klicken Sie auf das Symbol "Datensatz suchen", und ein neues Fenster erscheint, in dem Sie die Seite auswählen können, auf die verwiesen werden soll. Diese Option wird nur dann genutzt, wenn der "Seitentyp" auf "Verweis" gesetzt ist.</label>
      <label index="_shortcut.seeAlso">pages:doktype, pages:shortcut_mode</label>
      <label index="_shortcut.image">EXT:context_help/cshimages/page_shortcut.gif</label>
      <label index="shortcut.image_descr">Wählen Sie die Seite, auf die verwiesen werden soll, im Element-Browser.</label>
      <label index="keywords.description">Geben Sie Schlüsselwörter für diese Seiten durch Kommas getrennt ein. Es können auch kurze Ausdrücke eingegeben werden.</label>
      <label index="keywords.details">Die Schlüsselwörter werden meistens als Meta-Tags in die Seiten eingefügt und werden dann von Suchmaschinen genutzt. Dazu muss ein entsprechendes TYPO3-Template konfiguriert werden. Um die Seite für Suchmaschinen wie Google zu optimieren, sollten nicht mehr als 3 bis 6 Schlüsselwörter verwendet werden. Achten Sie darauf, dass die Schlüsselwörter auch im Seiteninhalt vorhanden sind. Beachten Sie, dass auch Sucherweiterungen für TYPO3 für die Nutzung der Schlüsselwörter konfiguriert werden können, z.B. die Indexsuche. Darüber hinaus lassen sich Menüs basierend auf den Schlüsselworten erzeugen. Erstellen Sie ein Inhaltselement vom Typ "Sitemap" und wählen Sie als Menütyp &lt;i&gt;Verwandte Seiten (basierend auf Schlüsselwörtern)&lt;/i&gt;.</label>
      <label index="_keywords.seeAlso">pages:description</label>
      <label index="description.description">Geben Sie eine kurze Beschreibung der Seite ein. Sie wird in den Suchergebnissen von Suchmaschinen angezeigt.</label>
      <label index="description.details">Viele TYPO3-Seiten fügen diese Bechreibung als Meta-Tag in die Seite ein. Dazu muss jedoch eine entsprechende TypoScript-Vorlage konfiguriert werden. Suchmaschinen zeigen die Beschreibung in ihren Trefferlisten an. Daher sollte die Beschreibung kurz sein (maximal 160 Zeichen) und bei der Anzeige in der Trefferliste Sinn ergeben. Die Beschreibung wird auch angezeigt, wenn man ein Inhaltselement vom Typ "Sitemap" erstellt und den Menütyp &lt;i&gt;Menü der Unterseiten dieser Seite (mit Zusammenfassung)&lt;/i&gt; auswählt. &lt;b&gt;Hinweis:&lt;/b&gt; Einige Suchmaschinen verwenden die Beschreibung nur, falls der Text nicht anderweitig im Inhalt vorhanden ist. Wiederholen Sie sich also nicht.</label>
      <label index="_description.seeAlso">pages:keywords pages:abstract</label>
      <label index="abstract.description">Geben Sie eine Zusammenfassung des Inhalts an. Sie kann in Artikelübersichten angezeigt werden.</label>
      <label index="abstract.details">Eine Inhaltsangabe ist eine kurze Beschreibung des Seiteninhalts, die etwas länger sein kann als im Feld &lt;i&gt;Beschreibung&lt;/i&gt;. Im Gegensatz zur Beschreibung ist die Zusammenfassung nur für die Anzeige in Suchmaschinen, sondern ausschließlich zur Nutzung in eigenen Projekten bestimmt. Im Allgemeinen ermöglicht TYPO3 die Erstellung eines Inhaltselementes vom Typ "Sitemap". Wenn Sie dabei den Untertyp "Menü der Unterseiten (mit Zusammenfassung)" auswählen, erhalten Sie einen Übersicht von Artikeln. Wenn eine Zusammenfassung verfügbar ist, wird diese statt der Beschreibung angezeigt. &lt;b&gt;Hinweis:&lt;/b&gt; Es ist nicht erforderlich, den Text des Felds Beschreibung nochmals unter &lt;i&gt;Zusammenfassung&lt;/i&gt; einzugeben. Natürlich können Administratoren dieses Feld über TypoScript-Vorlagen einer eigenen Nutzung zuführen.</label>
      <label index="_abstract.seeAlso">pages:description</label>
      <label index="backend_layout.description">Wählen Sie ein Backend-Layout aus, das ausschließlich für diese Seite verwendet wird.</label>
      <label index="backend_layout.details">Falls Sie alternative Backend-Layouts erstellt haben, können Sie diese hier auswählen. Das Modul "Seite" stellt die Spalten dann gemäß des gewählten Layouts dar. Üblicherweise bildet das alternative Backend-Layout die Struktur des Frontend-Layouts dergestalt ab, dass Sie leicht erkennen können, welche Inhalte zu welchem Bereich der Seite im Frontend gehören. Falls Sie keine Auswahl treffen oder "Keins" auswählen, zeigt Ihnen das Modul "Seite" die Standard-Spalten-Ansicht der Seite an. Falls Sie ein Layout oder "Keins" auswählen, werden alle Einstellungen, die die aktuelle Seite von einer weiter oben in der Hierarchie des Seitenbaums stehenden Seite geerbt hat, außer Kraft gesetzt. Die Auswahl wird &lt;b&gt;NICHT&lt;/b&gt; automatisch an Unterseiten vererbt - benutzen Sie das Feld &lt;b&gt;Backend-Layout (für Unterseiten dieser Seite)&lt;/b&gt;, um dies zu erreichen.</label>
      <label index="_backend_layout.seeAlso">pages:backend_layout_next_level</label>
      <label index="backend_layout_next_level.description">Wählen Sie ein Backend-Layout für alle Unterseiten dieser Seite aus.</label>
      <label index="backend_layout_next_level.details">Falls Sie alternative Backend-Layouts erstellt haben, können Sie diese hier auswählen. Das Modul "Seite" stellt die Spalten dann gemäß des gewählten Layouts dar. Üblicherweise bildet das alternative Backend-Layout die Struktur des Frontend Layouts dergestalt ab, dass Sie leicht erkennen können, welche Inhalte zu welchem Bereich der Seite im Frontend gehören. Falls Sie keine Auswahl treffen oder "Keins" auswählen zeigt Ihnen das Modul "Seite" die standard Spalten-Ansicht der Seite an. Falls Sie ein Layout oder "Keins" auswählen, werden alle Einstellungen, die die aktuelle Seite von einer weiter oben in der Hierarchie des Seitenbaumes stehenden Seite erbt, außer Kraft gesetzt. Die Auswahl wird automatisch an alle Unterseiten vererbt - Sie müssen diese nicht für jede Unterseite wiederholen.</label>
      <label index="_backend_layout_next_level.seeAlso">pages:backend_layout</label>
      <label index="newUntil.description">Geben Sie das Ablaufdatum der Seite ein.</label>
      <label index="newUntil.details">Das Ablaufdatum der Seite hat keinen Effekt auf die Anzeige der Webseite. Dieser Wert ist mehr für den internen Gebrauch gedacht als Erinnerung, wann der Inhalt der Seite überarbeitet werden sollte. Um einen Überblick über die Ablaufdaten zu bekommen, benutzen Sie die "Seitenbaum-Übersicht" des Moduls "Web &gt; Info".</label>
      <label index="newUntil.syntax">Siehe auch Seite / Start (unten klicken)</label>
      <label index="_newUntil.seeAlso">pages:starttime</label>
      <label index="lastUpdated.description">Geben Sie Datum und Uhrzeit der letzten Aktualisierung der Seite ein.</label>
      <label index="lastUpdated.details">Wie der Wert dieses Feldes genutzt wird liegt im Ermessen der Vorlage. Zunächst muss eine "Zuletzt geändert"-Notiz auf den Seiten vorhanden sein und außerdem muss die Vorlage diese Werte benutzen. Die häufigste Verwendung in Standardvorlagen ist die automtische Anzeige des Zeitpunkts der letzten Änderung &lt;em&gt;solange&lt;/em&gt; dieses Feld keinen Wert enthält.</label>
      <label index="lastUpdated.syntax">Das Format ist HH:MM TT-MM-JJJJ. Geben Sie z.B. "d" ein, so wird das aktuelle Datum eingefügt. Sie können auch jedem Wert z.B. "+10" nachstellen, wodurch 10 Tage zum aktuellen Wert addiert werden. So würden Sie mit der Eingabe von "d+10" ein Datum eingeben, das 10 Tage in der Zukunft liegt.</label>
      <label index="nav_hide.description">Diese Option bewirkt, dass die Seite nicht mehr im Menü des Frontends gezeigt wird. Die Seite kann jedoch immer noch angezeigt werden, wenn sie über ihre ID direkt angesprungen wird.</label>
      <label index="_nav_hide.seeAlso">pages:nav_title</label>
      <label index="nav_title.description">Alternativer Titel für die Menüeinträge im Frontend. Dieser Wert hat Vorrang vor dem Seitentitel, wenn Sie hier etwas eingeben.</label>
      <label index="content_from_pid.description">Hier geben Sie die ID einer Seite ein, deren Inhaltselemente statt des Inhalts der aktuellen Seite angezeigt werden. Es hängt von der Vorlage ab, ob dies funktioniert.</label>
      <label index="urltype.description">Bestimmt das URL-Präfix.</label>
      <label index="shortcut_mode.description">Bestimmt den Verweismodus. Normalerweise springt eine Verweisseite zu einer bestimmten anderen Seite. Alternative Methoden erlauben es, zur ersten Kindseite einer Seite zu springen oder sogar zu einer zufällig ausgewählten Kindseite.</label>
      <label index="mount_pid.description">Bindet die andere Seite ein ('mounted' sie). Wenn dies gesetzt ist, werden die Kindseiten der eingebundenen Seite als Kindseiten dieser Seite angezeigt.</label>
      <label index="mount_pid.details">[Technisch] Im Frontend wird dies bewirkt durch einen neuen Parameter in der URL, &amp;MP, der den eingebundenen Zweig zum Seitenbaum hinzufügt (mittels ID-Paaren).</label>
      <label index="_mount_pid.seeAlso">pages:mount_pid_ol</label>
      <label index="mount_pid_ol.description">Wenn Sie diese Option setzen, dann wird die eingebundene Seite selbst anstelle dieser Seite gezeigt und nicht nur die Kindseiten von dort geholt. Es sieht dann so aus, als ob diese Seite gar nicht existiert.</label>
      <label index="_mount_pid_ol.seeAlso">pages:mount_pid</label>
      <label index="title.description.+">Der Titel wird normalerweise in den Frontend-Menüs gezeigt.</label>
      <label index="TSconfig.details.+">&lt;strong&gt;Beispiel:&lt;/strong&gt; Normalerweise können Sie über das Modul "Web &gt; Seite" Inhalte in vier Spalten einfügen: Links, Normal, Rechts und Rand. Viele Sites verwenden jedoch nur eine oder zwei Spalten. Daher nehmen einige dieser Spalten nur Platz weg und verwirren den Anwender. Wenn Sie den folgenden Text in das Feld "TSconfig" eingeben, wird das Modul "Web &gt; Seite" nur noch die Spalten "Normal" und "Rand" anzeigen! &lt;em&gt;mod.web_layout.tt_content.colPos_list = 0,3&lt;/em&gt; (Muss in einer einzigen Zeile stehen!)</label>
      <label index="l18n_cfg.description">Bestimmt die Verfügbarkeit von Seiten in den verschiedenen Sprachen.</label>
      <label index="l18n_cfg.details">&lt;strong&gt;Standardübersetzung der Seite verbergen&lt;/strong&gt; Ist die Option aktiviert, ist die Seite nur in einer der Übersetzungen verfügbar. Jeder Versuch, auf die Seite in der Standardsprache zuzugreifen, führt zu einer Fehlermeldung. &lt;strong&gt;Seite verbergen, wenn keine Übersetzung für aktuelle Sprache vorhanden&lt;/strong&gt; Ist die Option aktiviert, wird der Zugriff auf die Seite mit einer Fehlermeldung quittiert, wenn keine Übersetzung für die aktuelle Sprache vorhanden ist. Standardmäßig wird beim Zugriff auf eine nicht übersetzte Seite der Inhalt der Standardsprache angezeigt.</label>
    </languageKey>
  </data>
</T3locallangExt>
